source_display,target_code,target_display
"AAS 10 MG CAPSULAS",N02BA01,"Acetylsalicylic acid"
"AAS 10 MG/ML SUSP ORAL FM 30 ML",C01,"CARDIAC THERAPY"
"AAS 100 MG 30 COMPRIMIDOS",N02BA01,"Acetylsalicylic acid"
"AAS 5 MG CAPSULAS",N02BA01,"Acetylsalicylic acid"
"ACETAZOLAMIDA 25 MG/ML SUSP ORAL 50 ML",S01EC01,"Acetazolamide"
"ACIDO VALPROICO G.E.S. 400  MG  1 VIAL+1 AMP",N03AG01,"Valproic acid"
"ACTILYSE 20 MG 1 VIAL LIOF + DISOLV 20 ML",B01AD02,"alteplase"
"ACTIMAG 2 G/5 ML SOLUCION 100 ML",A12CC08,"Magnesium pidolate"
"ACTIMAG 2 G (174 MG MG)/5 ML SOLUCION 100 ML",A12CC08,"Magnesium pidolate"
"ACTIVECOMPLEX Q10 GOLD 100 MG 60 CAPSULAS",C01EB09,"Ubidecarenone"
"ACTOCORTINA 100 MG 10 VIALES",H02AB09,"Hydrocortisone"
"ACTOCORTINA 75 MG 10 VIALES",H02AB09,"Hydrocortisone"
"ACTRAPID 100 UI/ML 1 VIAL 10 ML",A10AB01,"insulin (human)"
"ADENOCOR 6 MG 6 VIALES 2 ML",C01EB10,"adenosine"
"ADRENALINA BRAUN 1 MG 100 AMPOLLAS 1 ML",C01CA24,"Epinephrine"
"AGUA DE BUROW 1 L",D11A,"OTHER DERMATOLOGICAL PREPARATIONS"
"AGUA INYECCION GRIFOLS 100 ML 20 FRAS",V03,"Antitodes"
"ALBUMINA ALBUTEIN 20% SOLUCION 50 ML",B05AA01,"albumin"
"ALBUMINA HUMANA GRIFOLS  5% SOLUCION 500 ML",B05AA01,"Albumin"
"ALBUMINA HUMANA GRIFOLS 5% SOLUCION 100 ML",B05AA01,"Albumin"
"ALBUPLAN 200 MG/ML 1 VIAL SOLUCION PERFUSION 50 ML",B05AA01,"Albumin"
"ALBUTEIN 20% SOLUCION 10 ML",B05AA01,"Albumin"
"ALBUTEIN 20% SOLUCION 100 ML",B05AA01,"Albumin"
"ALDACTONE 25 MG 50 COMPRIMIDOS",C03DA01,"Spironolactone"
"ALDOCUMAR 1 MG 40 COMPRIMIDOS",B01AA03,"Warfarin"
"ALOPURINOL 20 MG/ML SOL. ORAL 50 ML F.M.",M04AA01,"allopurinol"
"ALPROSTADIL PHARMACIA 500 MCG 5 AMPOLLAS 1 ML",C01EA01,"Alprostadil"
"AMCHAFIBRIN 500 MG 6 AMPOLLAS 5 ML",B02AA02,"Tranexamic acid"
"AMCHAFIBRIN 500 MG/ 5 ML 100 AMP",B02AA02,"Tranexamic acid"
"AMIKACINA NORMON 500 MG 50 VIALES 2 ML",J01GB06,"Amikacin"
"AMIODARONA 5 MG/ML SUSP ORAL 100 ML",C01BD01,"Amiodarone"
"AMLODIPINO 1 MG/ML SUSP ORAL F.M.",C08CA01,"amlodipine"
"AMNIOPLUS 75 G (PASTA AL AGUA)",V03,"All other therapeutic products"
"AMOXICILINA CLAV NORMON 2 G/200 MG 50 VIALES",J01CA04,"Amoxicilin"
"AMOXICILINA CLAV NORMON  875/125 MG 500 SOBRES",J01CA04,"Amoxicilin"
"AMOXICILINA CLAV NORMON 1 G/200 MG MG 100 VIALES",J01CA04,"Amoxicilin"
"AMOXICILINA CLAV SANDOZ 500 MG/50 MG 100 VIALES",J01CA04,"Amoxicilin"
"AMOXICILINA NORMON 250 MG/5 ML SUSP 120 ML",J01CA04,"Amoxicilin"
"AMOXICILINA/ACIDO CLAVULANICO NORMON EFG 2000/200 MG 100 VIALES POLVO",J01CR02,"Amoxicillin and beta-lactamase inhibitor"
"AMOXICILINA CLAV NORMON 500 MG/50 MG 100 VIALES",J01CA04,"Amoxicilin"
"AMOXICILINA CLAV SANDOZ 1 G/200 MG 100 VIALES",J01CA04,"Amoxicilin"
"AMOXICILINA CLAV SANDOZ 500 MG/50 MG 1 VIAL",J01CA04,"Amoxicilin"
"AMOXICILINA NORMON 250 MG/5 ML 20X120 ML",J01CA04,"Amoxicilin"
"ANECTINE 100 MG 100 AMPOLLAS 2 ML",M03AB01,"suxamethonium"
"ANFOTERICINA B LIPOSOMAL IV (INDIVIDUALITZAT FARMACIA)",J02AA01,"Amphotericin B"
"APIRETAL 100 MG/ML SOLUCION ORAL 30 ML",N02BE01,"Paracetamol"
"APOCARD 100 MG 60 COMPRIMIDOS",C01BC04,"Flecainide"
"APOCARD 10 MG/ML 5 AMPOLLAS 15ML",C01BC04,"Flecainide"
"ARTANE 2 MG 25 COMPRIMIDOS",N04AA01,Trihexyphenidyl
"ASPIRINA 500 MG 20 COMPRIMIDOS",B01AC06,"Acetylsalicylic acid"
"ATARAX 10 MG/5 ML JARABE 150 ML",N05BB01,"Hydroxyzine"
"ATENOLOL SANDOZ 50 MG 30 COMPRIMIDOS",C07AB03,"Atenolol"
"ATENOLOL 2 MG/ML SUSP ORAL F.M.",C07AB03,"Atenolol"
"ATROPINA BRAUN 1 MG 100 AMPOLLAS 1 ML",A03BA01,"Atropine"
"ATROVENT 20 MCG/PULS AERO 200 DOS",R03BB01,"Ipratropium bromide"
"AUGMENTINE 100/12.5 SUSP PED 120 ML",J01CR02,"Amoxicillin and beta-lactamase inhibitor"
"AZACTAM 1 G 1 VIAL",J01DF01,"Aztreonam"
"BACTROBAN 2% POMADA 15 GRAMOS",D06AX09,"mupirocin"
"BEPANTHOL BEBE POMADA PROTECTORA 50 G",D02,"EMOLLIENTS AND PROTECTIVES"
"BEXSERO 1 JERINGA PRECARGADA 0.5 ML",J07AH09,"Meningococcus B, multicomponent vaccine"
"BERIPLEX 500 UI VIAL POLVO + VIAL DISOLVENTE 20 ML",B02BD01,"coagulation factor IX, II, VII and X in combination"
"BREVIBLOC 10 MG/ML SOL  PERFUSION 1 BOLSA  250 ML",C07AB09,"esmolol"
"BILTRICIDE 600 MG 6 TABLETAS",P02BA01,"Praziquantel"
"BI-ORALSUERO FRESA 2 X 330 ML BRICK","A07C","ELECTROLYTES WITH CARBOHYDRATES"
"BICARBONATO SODICO MEIN 1/6 M 250 ML 12 FRAS",B05XA02,"sodium bicarbonate"
"BICARBONATO SOD GRIFOLS 1 M 100 AMPOLLAS 10 ML",B05XA02,"sodium bicarbonate"
"BICARBONATO SODICO 1 M AMPOLLA F.M. 10 ML",B05XA02,"sodium bicarbonate"
"BICARBONATO SODICO 1 M (1MEQ/ML) SOL. ORAL F.M.",B05XA02,"sodium bicarbonate"
"BICARBONATO SODICO 1 M AMPOLLA 10 ML XALABARDER",B05XA02,"sodium bicarbonate"
"BICARBONATO SODICO 1 M AMPOLLA 10 ML XALABARDER",B05XA02,"sodium bicarbonate"
"BICARBONATO SODICO 1 M BRAUN 250 ML 10 FRASCOS",B05BB01,"electrolytes"
"BICARBONATO SODICO 1.4%  (1/6 M) BOLSAS SOL PERFUSION 500 ML VIAFLO",B05BB01,"electrolytes"
"BISOPROLOL COR SANDOZ EFG 2.5 MG 28 COMPRIMIDOS RECUBIERTOS",C07AB07,"Bisoprolol"
"BIVOS GOTAS FRASCO 8 ML",A16AX,"Various alimentary tract and metabolism products"
"BOI K COMP EFERV [10 MEQ K / COMP] 10 UNITATS",A12BA30,"potassium (different salts in combination)"
"BOI K ASPARTICO 20 COMPRIMIDOS EFERVESCENTES",A12BA30,"potassium (different salts in combination)"
"BRIVIACT 50 MG 56 COMPRIMIDOS RECUBIERTOS",N03AX23,"brivaracetam"
"BROMURO IPRATROPIO 250 MCG 20 ENV SOL INH",R03BB01,"Ipratropium bromide"
"BUCCOLAM 2,5 MG SOLUCION BUCAL 4 JERINGAS 0,5 ML",N05CD08,"Midazolam"
"BUDESONIDA ALDO UNION 50  MCG/PULS AERO 200 DOS",R03BA02,"Budesonide"
"BUDESONIDA  SUSPENSION NEBULIZACION 0.25 MG/ML 20 AMPOLLAS UNIDOSIS 2 ML",R03BA02,"Budesonide"
"BUDESONIDA ALDO UNION  0.5 MG/ML 20 AMPOLLAS 2 ML",R03BA02,"Budesonide"
"BUPIVACAINA BRAUN 0.5% 100 MINIPLAS 10 ML",N01BB01,"Bupivacaine"
"BUSCAPINA 20 MG 50 AMPOLLAS 1 ML",A03BB01,"Butylscopolamine"
"CALAMINA LAINCO 125 ML",D02,"Emollients and protectives"
"CALCIO 20 EMULSION (41,66 MG CA/5 ML) EMULSION ORAL 300 ML",A12AA20,"Calcium (different salts in combination)"
"CALCIO GLUCONATO (SUPLECAL) SOL INY MINIPLASCO 10 ML 20 AMP",A12AA03,"Calcium gluconate"
"CAPTOPRIL 1 MG/ML SOLUCION ORAL 60 ML",C09AA01,"Captopril"
"CAPTOPRIL NORMON 25 MG 500 COMPRIMIDOS",C09AA01,"Captopril"
"CARBAMAZEPINA NORMON 200 MG 500 COMPRIMIDOS",N03AF01,"Carbamazepine"
"CARVEDILOL 1 MG/ML SUSP ORAL 50 ML",C07AG02,"Carvedilol"
"CARVEDILOL CINFA 6.25 MG 28 COMPRIMIDOS",C07AG02,"Carvedilol"
"CATAPRESAN 0.15 MG 30 COMPRIMIDOS",C02AC01,"Clonidine"
"CEFAZOLINA SALA 1 G IV 100 VIALES+AMP 1O ML",J01DB04,"Cefazolin"
"CEFEPIMA ACCORD 2 G POLVO IV/IM VIAL 10 ML",J01DE01,"cefepime"
"CEFOTAXIMA NORMON  1 G IV 100 INY",J01DD01,"Cefotaxime"
"CEFOTAXIMA NORMON  2 G IV 50 VIALES+50 AMP",J01DD01,"Cefotaxime"
"CEFOTAXIMA NORMON  250 MG 100 INY",J01DD01,"Cefotaxime"
"CEFOTAXIMA NORMON  500 MG 100 INY",J01DD01,"Cefotaxime"
"CEFTAZIDIMA NORMON 500 MG 50 VIALES 5 ML",J01DD02,"Ceftazidime"
"CEFTAZIDIMA SALA 1 G IV 50 VIALES POLVO SOLUCION PERFUSION",J01DD02,"Ceftazidime"
"CEFTRIAXONA NORMON 1 G IV 100 VIALES",J01DD04,"Ceftriaxone"
"CEFTRIAXONA NORMON 500 MG IV 1 VIAL",J01DD04,"Ceftriaxone"
"CEFTRIAXONA NORMON 500 MG IM 1 VIAL",J01DD04,"Ceftriaxone"
"CEFTRIAXONA NORMON 1 G IM 100 VIALES",J01DD04,"Ceftriaxone"
"CETRAXAL 500 MG/5 ML SUSP 100 ML",J01MA02,"Ciprofloxacin"
"CETRAXAL OTICO 0.3% GOTAS 10 ML",S01AE03,"Ciprofloxacin"
"CIPROFLOXACINO NORMON 0.2% IV BOLSA 50X100 ML",J01MA02,"Ciprofloxacin"
"CIPROFLOXACINO NORMON 500 MG 500 COMPR RECUB",J01MA02,"Ciprofloxacin"
"CIPROFLOXACINO NORMON 0.2% IV BOLSA 20X200 ML",J01MA02,"Ciprofloxacin"
"CISATRACURIO NORMON EFG 2 MG/ML 5 VIALES 5 ML",M03AC11,"Cisatracurium"
"CISATRACURIO PFIZER EFG 2 MG/ML 5 AMPOLLAS 5 ML",M03AC11,"Cisatracurium"
"CLONIDINA 10 MCG/ML SUSP ORAL 50 ML",C02AC01,"Clonidine"
"CLONIDINA CLH 150 MCG/ML AMPOLLAS 1 ML",C02AC01,"Clonidine"
"CLOPIDOGREL 5 MG/ML SUSP ORAL",B01AC04,"Clopidogrel"
"CLOPIDOGREL BEXALABS EFG 75 MG 50 COMPRIMIDOS RECUBIERTOS",B01AC04,"Clopidogrel"
"CLORHIDRAT DOPAMINA GRIF 200 MG 6 AMPOLLAS 5 ML",C01CA04,"Dopamine"
"CLORURO MORFICO BRAUN  1% 10 AMPOLLAS 1 ML",N02AA01,"Morpine"
"CLORURO POTASICO 1 MEQ/ML SOL ORAL",A12BA01,"Potassium chloride"
"CLORURO POTASICO BRAUN 14.9% 100 MINIPLASCOS 5 ML",B05XA01,"potassium chloride"
"CLORURO SODICO 14.6% (2.5 MEQ/ML) SOLUCION ORAL F.M. 30 ML",A12CA01,"Sodium chloride"
"CLORURO SODICO 14,6% (2,5 MEQ/ML) SOLUCION ORAL F.M. 30 ML",A12CA01,"Sodium chloride"
"CLORURO SODICO FRESENIUS 0.9% 20 FRASCOS 250 ML",B05XA03,"Sodium chloride"
"CLORURO SODICO GRIFOLS 0,45% 500 ML 10 FRASCOS",B05XA03,"Sodium chloride"
"CLORURO SODICO BRAUN 20% 100 MINIPLAS 10 ML",B05XA03,"Sodium chloride"
"CLORURO SODICO 3% FRASCO 250 ML",B05XA03,"Sodium chloride"
"CLORURO SODICO FRESENIUS 0,9% 20 FRASCOS 250 ML",B05XA03,"Sodium chloride"
"CLOXACILINA NORMON 1 G 100 VIALES",J01CF02,"Cloxacillin"
"CLOXACILINA NORMON 500 MG 100 VIALES",J01CF02,"Cloxacillin"
"COLCHICINA SEID 0.5 MG 20 COMP",M04AC01,"Colchicine"
"COLIRIO CICLOPLEJICO 0,5% COLIRIO 10 ML F.M.",S01FA54,"Cyclopentolate, combinations"
"COLIRIO FENILEFRINA 2,5% COLIRIO 10 ML FM",S01FA54,"Cyclopentolate, combinations"
"COLISTIMETATO DE SODIO G.E.S. 1 M UI 10 VIALES",J01XB01,"colistin"
"CORGARD 80 MG 28 COMPRIMIDOS",C07AA12,"Nadolol"
"COROTROPE 1 MG/ML 10 AMPOLLAS 10ML",C01CE02,"Milrinone"
"COLIRCUSI GENTADEXA COLIRIO 10 ML",S01CA01,"dexamethasone and antiinfectives"
"DAKTARIN ORAL 2% GEL 4O G",A01AB09,"Miconazole"
"DAKTARIN TOPICO 2% CREMA 40 G",G01AF04,"Miconazole"
"DAKTARIN GINECOLOGICO 2% CREMA 40 G",G01AF04,"miconazole"
"DALSY 100 MG/5 ML SUSP 200 ML",M01AE01,"Ibuprofen"
"DAPTOMICINA ACCORD EFG 350 MG 1 VIAL SOLUCION PERFUSION 20 ML",J01XX09,"Daptomycin"
"DENVAR 100 MG/5 ML SUSP 50 ML",J01DD08,"Cexifime"
"DEPAKINE 200 MG/ML SOLUCION ORAL 40 ML",N03AG01,"Valproic acid"
"DEPAKINE 400 MG 1 VIAL+1 AMP",N03AG01,"Valproic acid"
"DESARROL SOLUCION 200 ML",A16AA01,"Levocarnitine"
"DEXAMETASONA 1 MG/ML XAROP 100 ML",H02AB02,"Dexamethasone"
"DEXAMETASONA KERN 4 MG 100 AMPOLLAS 1 ML",H02AB02,"Dexamethasone"
"DEXCLORFENIRAMINA COMBINO 5 MG 1 ML 5 AMPOLLAS",R06AB02,"Dexchlorpheniramine"
"DEXDOR 100 MCG/ML  25 AMPOLLAS CONCENTRADO PERF 2 ML",N05CM18,"Dexmedetomidine"
"DEXMEDETOMIDINA 200 MCG AMP 2 ML",N05CM18,Dexmedetomidine
"DIAZEPAM PRODES 10 MG 500 COMPRIMIDOS",N05BA01,"Diazepam"
"DIAZEPAM PRODES 2 MG/ML GOTAS I5 ML",N05BA01,"Diazepam"
"DIAZEPAM PRODES 5 MG 100 COMPRIMIDOS",N05BA01,"Diazepam"
"DIAZEPAM PRODES 5 MG 500 COMPRIMIDOS",N05BA01,"Diazepam"
"DIFLUCAN 200 MG/5 ML POLVO SUSP ORAL 35 ML",J02AC01,"Fluconazole"
"DIFLUCAN 50 MG/5 ML SUSP 35 ML",J02AC01,"Fluconazole"
"DIFLUCAN 200 MG 100 CAPSULAS",J02AC01,"Fluconazole"
"DIGOXINA KERN PHARMA 0.25 MG 50 COMPRIMIDOS",C01AA05,"Digoxin"
"DIGOXINA 0.25 MG/ML AMP 2 ML UCI/NEONATS",C01AA05,"Digoxin"
"DIPROGENTA CREMA 30 G",D07BC01,"Betamethasone and antiseptics"
"DIPRIVAN 2% 20 MG/ML 1 VIAL 50 ML",N01AX10,"propofol"
"DOBUTAMINA INIBSA 250 MG IV 50 AMP 20 ML",C01CA07,"Dobutamine"
"DOBUTAMINA HSP 250 MG IV 10 AMP 20 ML",C01CA07,"Dobutamine"
"DOLOCATIL INF 100 MG/ML SOLUCION ORAL 30 ML",N02BE01,"Paracetamol"
"DOPAMINA CLORHIDRATO HIKMA 200 MG/ 5 ML AMP 10 AMP",C01CA04,"Dopamine"
"DURACEF 250 MG/5 ML SUSP 6O ML",J01DB05,"Cefadroxil"
"EC KETAMINA 10 MG/ML JER/PLACEBO",N01AX03,"ketamine"
"EMLA CREMA 30 G",N01BB52,"Lidocaine, combinations"
"ENALAPRIL 1 MG/ML SUSPENSION ORAL 30 ML",C09BA02,"Enalapril and diuretics"
"ENALAPRIL BELMAC 10 MG 56 COMPRIMIDOS",C09BA02,"Enalapril and diuretics"
"ENALAPRIL CINFA 5 MG 60 COMPRIMIDOS",C09BA02,"Enalapril and diuretics"
"ENANTYUM 50 MG 100 AMPOLLAS 2 ML",M01AE17,"Dexketoprofen"
"ENOXAPARINA ROVI 20 MG (2000 UI) 50 JERINGAS SOLUCION 0.2 ML",B01AB05,"Enoxaparin"
"ENOXAPARINA ROVI 40 MG (4000 UI) 50 JERINGAS SOLUCION 0.4 ML",B01AB05,"Enoxaparin"
"ENOXAPARINA ROVI 60 MG (6000 UI) 50 JERINGAS SOLUCION 0.6 ML",B01AB05,"Enoxaparin"
"ENOXAPARINA ROVI 80 MG (8000 UI) 50 JERINGAS SOLUCION 0.8 ML",B01AB05,"Enoxaparin"
"EPOPROSTENOL NORMON 0,5 MG VIAL 50 ML",B01AC09,"epoprostenol"
"ERITROMICINA 15 MG CAPSULES F.M.",J01FA01,"erythromycin"
"ERITROMICINA 5 MG CAPSULES F.M.",J01FA01,"erythromycin"
"ESMERON 50 MG 10 VIALES 5 ML",M03AC09,"rocuronium bromide"
"ESPIRONOLACTONA 5 MG/ML SOL ORAL 30 ML",C03DA01,"Spironolactone"
"ESPIRONOLACTONA 5MG-HIDROCLOROTIAZIDA 5MG/ML 50ML SUSPENSIO FM",C03DA01,"Spironolactone"
"ESTILSONA GOTAS 10 ML",H02AB06,"Prednisolone"
"ETALPHA 2 MCG/ML GOTAS 10 ML",A11CC03,"Alfacalcidol"
"ETOMIDATO-LIPURO 20 MG 10 AMPOLLAS 10 ML",N01AX07,"etomidate"
"EUTIROX 25 MCG 100 COMPRIMIDOS",H03AA01,"Levothyroxine sodium"
"EUTIROX 50 MCG 100 COMPRIMIDOS",H03AA01,"Levothyroxine sodium"
"EUTIROX 100 MCG 100 COMPRIMIDOS",H03AA01,"Levothyroxine sodium"
"FENOBARBITAL 10 MG/ML SOL ORAL",N03AA02,"Phenobarbital"
"FENTANEST 0.05 MG/ML 5 AMP 3 ML",N01AH01,"Fentanyl"
"FENTANILO 0,05 MG/ML AMP 3 ML UCI/NEONATS",N02AB03,"Fentanyl"
"FERIV 20 MG/ML 5 AMPOLLAS 5 ML",B03AB02,"Saccharated iron oxide"
"FERROSOL GOTAS 30 ML",B03AA07,"Ferrous sulfate"
"FIADEK FRASCO 60 ML",A11A,"Multivitamin combinations"
"FIBRYGA 1 G POLVO Y DISOLVENTE PARA SOLUCION INYECTABLE Y PARA PERFUSION",B02BB01,"fibrinogen, human"
"FISIOLOGICO IRRIGACION  BRAUN 0.9% 20X100 ML PLASTICO",B05CB01,"sodium chloride"
"FISIOLOGICO MEIN 0.9% 500 ML 12 FRAS",B05BB02,"electrolytes with carbohydrates"
"FISIONEMA CASEN-FLEET ENEMA 250 ML",A06AG,"Enemas"
"FISIONEMA CASEN-FLEET ENEMA 66 ML",A06AG,"Enemas"
"FLEBOGAMMA DIF 100 MG/ML 10 G 1 VIAL 100 ML",J06BA02,"immunoglobulins, normal human"
"FLECAINIDA ACETAT 20 MG/ML SUSP ORAL 50 ML",C01BC04,"Flecainide"
"FLIXOTIDE 50 MCG/PULSACION AEROSOL 120 DOSIS",R03BA09,"Fluticasone furoate"
"FLUCONAZOL B BRAUN EFG 2 MG/ML 20 BOTELLAS SOLUCION PERFUSION 50 ML",J02AC01,"fluconazole"
"FLUMIL 10% 300 MG 5 AMPOLLAS 3 ML",R05CB01,"Acetylcysteine"
"FORTECORTIN 4 MG 100 AMPOLLAS 1 ML",H02AB02,"Dexamethasone"
"FORTECORTIN ORAL 1 MG 500 COMPRIMIDOS",H02AB02,"Dexamethasone"
"FREEFLEX GLUCOSA 5%  50 X 100 ML BOLSA",B05BA03,"Carbohydrates"
"FUROSEMIDA 2 MG/ML SOL. ORAL 50 ML",C03CA01,"Furosemide"
"FUROSEMIDA 20 MG 100 AMPOLLAS 2 ML",C03CA01,"Furosemide"
"FUROSEMIDA GESFUR 20 MG 10 AMPOLLAS 2 ML",C03CA01,"Furosemide"
"FUROSEMIDA INIBSA 20 MG 100 AMPOLLAS 2 ML",C03CA01,"Furosemide"
"FUROSEMIDA PHYSAN 20 MG 50 AMPOLLAS 2 ML",C03CA01,"Furosemide"
"F_NUTRICIO PARENTERAL-A-TERME (ESTOC)",V06,"GENERAL NUTRIENTS"
"GANCICLOVIR INTRAVENOS (INDIVIDUALITZAT FARMACIA)",J05AB06,"ganciclovir"
"GELASPAN 40 MG/ML SOLUCION PARA PERFUSION 10 FRASCOS  500 ML",B05AA06,"gelatin agents"
"GENTA GOBENS 240 MG 50 VIAL 3 ML",J01GB03,"Gentamicin"
"GENTA GOBENS 40 MG 1 VIAL 2 ML",J01GB03,"Gentamicin"
"GENTA GOBENS 80 MG 100 VIALES 2 ML",J01GB03,"Gentamicin"
"GLICEROL PER ENEMES 40 G F.M.",A06AX01,"Glycerol"
"GLUCOSA BRAUN 20% 10X500 ML VIDRIO",B05BA03,"carbohydrates"
"GLUCOSADO BRAUN 10% 100 ML 20 ECOFLAC PLUS",B05BB02,"Electrolytes with carbohydrates"
"GLUCOSADO FRESENIUS KABI 10% 500 ML 20 FRASCOS",B05BB02,"Electrolytes with carbohydrates"
"GLUCOSADO FRESENIUS KABI 5% 10 FRASCOS SOL PERFUSION 500 ML",B05BB02,"Electrolytes with carbohydrates"
"GLUCOSADO HIPER FRESENIUS 10% 12 FRASCOS 500 ML",B05BB02,"Electrolytes with carbohydrates"
"GLUCOSADO SALINO 5% 0.9%  10 FRASCOS 500 ML",B05BB02,"Electrolytes with carbohydrates"
"GLUCOSADA GRIFOLS 30% 10 FRASCOS 500 ML",B05BB02,"Electrolytes with carbohydrates"
"GLUCOSADO 5% 100 ML 40 FRASCOS",B05BB02,"Electrolytes with carbohydrates"
"GLUCOSADO SALINO FRESENIUS KABI 5% 0.9% 10 FRASCOS 1000 ML",B05BB02,"Electrolytes with carbohydrates"
"GLUCOSALINA 3.3% 0.3% (1/3)  500 ML  10 FRAS",B05BB02,"Electrolytes with carbohydrates"
"GLUCOSALINO 1/5 12 FRAS 500 ML",B05BB02,"Electrolytes with carbohydrates"
"GLUCOSALINO 1/5 12X250 ML",B05BB02,"Electrolytes with carbohydrates"
"GLUTAFERRO 170 MG/ML (30 MG FE/ML)  1 FRASCO 25 ML",B03AA07,"Ferrous sulfate"
"GOBEMICINA 250 MG 100 VIALES 2 ML",J01CA01,"Ampicillin"
"GOBEMICINA 500 MG 100 VIALES 4 ML",J01CA01,"Ampicillin"
"HEMATIES",B05AX01,"Erythrocytes"
"HEPARINA SODICA SALA 1000 UI/ML 100 VIAL 5 ML",B01AB01,"heparin"
"HEPARINA SODICA SALA 5000 UI/ML 100 VIAL 5 ML",B01AB01,"heparin"
"HEPARINA SODICA (NOUNATS SENSE CONSERVANTS) 1000 UI/ML 10 AMP 5 ML",B01AB01,"heparin"
"HIDRAT DE CLORAL 100 MG/ML XAROP 50 ML",N05CC01,"Chloral hydrate"
"HIDRALAZINA 10 MG/ML SOLUCION 30 ML",C02DB02,"Hydralazine"
"HIDROCLOROTIAZIDA SOL 2 MG/ML 50 ML FM",C03AA03,"Hydrochlorothiazide"
"HIDROCORTISONA 1 MG/ML SUSP ORAL 50 ML",H02AB09,"Hydrocortisone"
"HIDROCORTISONA COLOR 100 MG/ 2 ML VIAL 10 VIALES",H02AB09,"Hydrocortisone"
"HIDROPOLIVIT GOTAS 20 ML",A11B,"Multivitamins, plain"
"HIDROSALURETIL 50 MG 20 COMPRIMIDOS",C03AA03,"Hydrochlorothiazide"
"HYDRAPRES 20 MG 5 INYECTABLES 1 ML",C02DB02,"Hydralazine"
"IBUPROFENO (ARGININA) NORMON EFG 400 MG 30 SOBRES GRANULADO",M01AE01,"Ibuprofen"
"IBUPROFENO ALDO UNION 2% 100 MG/5 ML SUSPENSION ORAL 200 ML",M01AE01,"Ibuprofen"
"IBUPROFENO B. BRAUN 400 MG 10 FRASCOS SOLUCION PERFUSION 100 ML",M01AE01,"Ibuprofen"
"IBUPROFENO B. BRAUN 200 MG 10 FRASCOS SOLUCION PERFUSION 50 ML",M01AE01,"Ibuprofen"
"IBUPROFENO KERN PHARMA EFG 600 MG 20 SOBRES EFERVESCENTES",M01AE01,"Ibuprofen"
"IDEOS UNIDIA -CALCIO+VIT D 1000 MG [50 MEQ] CA/880 UI- 30 SOBRES EFERV",A12AX,"Calcium, combinations with vitamin D and/or other drugs"
"INTERDERM CREMA 30 G",D01AA01,"D01AA01"
"IVABRADINA CINFA EFG 5 MG 56 COMPRIMIDOS RECUBIERTOS",C01EB17,"Ivabradine"
"KANOVA NINOS SOL RECTAL 6 ENVASES UNIDOSIS 2.5 ML",A06AG04,"Glycerol"
"KANOVA NINOS 1,8 ML SOLUCION RECTAL",A06AG04,"Glycerol"
"KEPPRA 100 MG/ML SOLUCION ORAL 150 ML (JERINGA 3 ML)",N03AX14,"Levetiracetam"
"KEPPRA 250 MG 60 COMPRIMIDOS CUBIERTA PELICULAR",N03AX14,"Levetiracetam"
"KETOLAR 50 MG/ML 1 VIAL 10 ML",N01AX03,"Ketamine"
"KETOROLACO TROMETAMOL COMBINO PHARM 30 MG 6 AMPOLLAS 1 ML",M01AB15,"Ketorolac"
"KETOROLACO TROMETAMOL NORMON 30 MG 100 AMPOLLAS 1 ML",M01AB15,"Ketorolac"
"KONAKION 10 MG 5 AMP 1 ML ORAL/INY",B02BA01,"Phytomenadione"
"KONAKION 2 MG 5 AMP 0.2 ML PEDIAT",B02BA01,"Phytomenadione"
"KONAKION 10 MG 50 AMPOLLAS 1 ML",B02BA01,"Phytomenadione"
"KYBERNIN P 1000 UI 1 VIAL 20 ML",B01AB02,"Antithrombin III"
"LACTOFERRINA  800 MG (40 MG FE) VIAL BEB 15 ML",B03AB09,"Ferric proteinsuccinylate"
"LANACORDIN 0.25 MG/5 ML SOLU 60 ML",C01AA05,"Digoxin"
"LARGACTIL 25 MG 5 AMPOLLAS 5 ML",N05AA01,"Chlorpromazine"
"LARGACTIL 40 MG/ML GOTAS 30 ML",N05AA01,"Chlorpromazine"
"LEVETIRACETAM NORMON EFG 100 MG/ML 50 VIALES CONCENTRADO PERFUSION 5 ML",N03AX14,"Levetiracetam"
"LEVETIRACETAM G.E.S. EFG 100 MG/ML 10 VIALES CONCENTRADO PERFUSION 5 ML",N03AX14,"Levetiracetam"
"LINEZOLID TEVA PHARMA EFG 600 MG 10 COMP RECUBIERTOS (VDC/PVC/AL)",J01XX08,"linezolid"
"LOMPER 100 MG/5 ML SUSP 30 ML",P02CA01,"Mebendazole"
"LORAZEPAM CINFA 5 MG 20 COMPRIMIDOS",N05BA06,"lorazepam"
"LORAZEPAM NORMON 1 MG 500 COMPRIMIDOS",N05BA06,"lorazepam"
"LUMINAL 200 MG 10 AMPOLLAS 1 ML",N03AA02,"phenobarbital"
"MAGNESIO AQUILEA 3 G SOBRES (375 MG MAGNESIO = 31,5 MEQ/SOBRE)",A12CC03,"Magnesium gluconate"
"MAGNESIO AQUILEA 3 G SOBRES (375 MG MAGNESIO = 31.5 MEQ/SOBRE)",A12CC03,"Magnesium gluconate"
"MAGNOGENE COMP RECUBIERTOS - MAGNESI 53 MG (4,4 MEQ)",A12CC30,"magnesium (different salts in combination) "
"MANITOL MEIN 20% 250 ML 12 FRAS",B05BC01,"mannitol"
"MASTICAL 1.25 G (EQ 500MG CA) 60 COMPRIMIDOS MASTICABLES",A12AA04,"Calcium carbonate"
"MEGAMILBEDOCE 10 MG 10 AMPOLLAS 2 ML",B03BA03,"Hydroxocobalamin"
"MEINSOL CLORURO POTASICO 14.9% 1 AMPOLLA 5 ML",B05XA01,"Potassium chloride"
"MELAMIL 6 MG/ML SOLUCION ORAL 30 ML",N07,"OTHER NERVOUS SYSTEM DRUGS"
"MELAMIL 6 MG/ML SOLUCIÃ“N ORAL 30 ML",N07,"OTHER NERVOUS SYSTEM DRUGS"
"MELAMIL TRIPTO SOLUCION ORAL",N07,"OTHER NERVOUS SYSTEM DRUGS"
"MEPIVACAINA 2% 100 AMPOLLAS 10 ML S/A",N01BB53,"mepivacaine, combinations"
"MERONEM 1 G IV VIAL 30 ML",J01DH02,"meropenem"
"MERONEM 500 MG IV VIAL 20 ML",J01DH02,"meropenem"
"MEROPENEM KABI EFG 500 MG IV 10 VIALES 20 ML",J01DH02,"Meropenem"
"METALGIAL 500 MG/ML FRASCO 20 ML",N02BB02,"metamizole sodium"
"METAMIZOL NORMON 2 G 5 AMPOLLAS 5 ML",N02BB02,"Metamizole sodium"
"METAMIZOL NORMON 575 MG 500 CAPSULAS",N02BB02,"Metamizole sodium"
"METAMIZOL NORMON 2 G 100 AMPOLLAS 5 ML",N02BB02,"Metamizole sodium"
"METRONIDAZOL BRAUN 5 MG/ML IV 20X100 ML PLASTICO",J01XD01,"Metronidazole"
"MICAFUNGINA ACCORD 50 MG POLVO IV",J02AX05,"micafungin"
"MICAFUNGINA ACCORD 100 MG POLVO PARA CONCENTRADO IV",J02AX05,"micafungin"
"MICAFUNGINA INTRAVENOSA (INDIVIDUALITZAT FARMACIA)",J02AX05,"micafungin"
"MIDAZOLAM B.BRAUN 5 MG/ML 10 AMPOLLAS 3 ML",N05CD08,"Midazolam"
"MIDAZOLAM B.BRAUN 5 MG 20 MINIPLASCO 5 ML",N05CD08,"Midazolam"
"MIDAZOLAM NORMON 15 MG 50 AMPOLLAS 3 ML",N05CD08,"Midazolam"
"MIDAZOLAM NORMON 5 MG 10 AMPOLLAS 5 ML",N05CD08,"Midazolam"
"MIDAZOLAM B.BRAUN 50 MG 20 MINIPLASCO 10 ML",N05CD08,"Midazolam"
"MIDAZOLAM NORMON 50 MG 50 AMPOLLAS 10 ML",N05CD08,"Midazolam"
"MORFINA 0.5 MG/ML SOL ORAL 50 ML FM",N02AA01,"Morphine"
"MORFINA 0,5 MG/ML SOL ORAL 50 ML FM",N02AA01,"Morphine"
"MOTILIUM 10 MG 30 COMPRIMIDOS",A03FA03,"Domperidone"
"MOTILIUM 5 MG/5 ML SUSPENSION 200 ML",A03FA03,"Domperidone"
"MOVICOL 6.9 G PEDIATRICO SABOR NEUTRO 30 SOBRES",A06AD65,"macrogol, combinations"
"MOVICOL 20 SOBRES",A06AD65,"macrogol, combinations"
"MUCOFLUID SOLUCION 600 MG 6 AMPOLLAS 3 ML INST END",R05CB05,"mesna"
"MUCONEB 3% SOLUCION SALINA HIPERTON INHALACION 30 AMPOLLAS",A12CA01,"sodium chloride"
"MUPIROCINA ISDIN 2% POMADA 15 G",D06AX09,"mupirocin"
"MYCAMINE 50 MG 1 VIAL",J02AX05,"micafungin"
"MYCAMINE 100 MG 1 VIAL POLVO SOLUCION PERFUSION",J02AX05,"micafungin"
"NALOXONE ABELLO 0.4 MG 10 AMPOLLAS",V03AB15,"naloxone"
"NAVALPRO ASPEN 400 MG/4 ML INJECTION",N03AG01,"Valproic acid"
"NEISVAC C 10 JERINGAS PRECA 0.5 ML",J07AM01,"tetanus toxoid"
"NIMBEX 2 MG/ML 5 AMP 5 ML",M03AC11,"cisatracurium"
"NIMENRIX 1 DOSIS 1 VIAL + 1 JERINGA DISOL 0.5 ML",J07AH08,"meningococcus A,C,Y,W-135, tetravalent purified polysaccharides antigen conjugated"
"NOLOTIL 2 G 5 AMPOLLAS 5 ML",N02BB02,"metamizole sodium"
"NOLOTIL 2 G 100 AMPOLLAS 5 ML",N02BB02,"metamizole sodium"
"NORADRENALINA BRAUN 0,5 MG/ML (NA BASE) 10 AMPOLLAS 10 ML",C01CA03,"norepinephrine"
"NOZINAN 4% 40 MG/ML GOTAS 30 ML",NO5AA02,Nozinan
"NUTRICIO PARENTERAL >= 500 ML",B05BA,"Solutions for parenteral nutrition"
"NUTRICIO PARENTERAL CICLADA TOT EN UN",V06C,"INFANT FORMULAS"
"NUTRICIO PARENTERAL TOT EN UN",V06C,"INFANT FORMULAS"
"NUTRICIO TERAPEUTICA",V06,"GENERAL NUTRIENTS"
"NUTRICIO PARENTERAL LIPIDOS",V06,"GENERAL NUTRIENTS"
"NUTRICIO PARENTERAL AMINOACIDOS","V06","GENERAL NUTRIENTS"
"NUROFEN PEDIATRICO 100 MG/5 ML SUSPENSION ORAL 200 ML NARANJA",M01AE01,"ibuprofen"
"OCTREOTIDA GP PHARM 1 MG 1 VIAL 5 ML MULTIDOSIS",H01CB02,"octreotide"
"OFT CUSI ERITROMICINA 0.5% POMADA 3.5 G",D10AF02,"erythromycin"
"OFTACILOX 0.3% COLIRIO 5 ML",S02AA15,"ciprofloxacin"
"OMEPRAZOL  G.E.S 40 MG 50 VIALES",A02BC01,"omeprazole"
"OMEPRAZOL 2 MG/ML SUSPENSION ORAL 100 ML",A02BC01,"omeprazole"
"OMEPRAZOL GOBENS EFG 20 MG 512 CAPSULAS GASTROR (BLISTER PVC-PVDC/AL)",A02BC01,"omeprazole"
"OMEPRAZOL NORMON 40 MG 50 VIALES",A02BC01,"omeprazole"
"OMEPRAZOL NORMON 20 MG 500 CAPSULAS",A02BC01,"omeprazole"
"ONDANSETRON DOMAC EFG 4 MG 500 COMPRIMIDOS RECUBIERTOS (TIRAS)",A04AA01,"ondansetron"
"ONDANSETRON NORMON 4 MG 50 AMPOLLAS 2 ML",A04AA01,"ondansetron"
"ONDANSETRON NORMON 8 MG 50 AMPOLLAS 4 ML",A04AA01,"ondansetron"
"ONDANSETRON ACCORD EFG 4 MG 10 AMPOLLAS DE 2 ML",A04AA01,"ondansetron"
"ONDANSETRON DOMAC EFG 4 MG 50 AMPOLLAS 2 ML",A04AA01,"ondansetron"
"ONDANSETRON ACCORD EFG 8 MG 10 AMPOLLAS DE 4 ML",A04AA01,"ondansetron"
"OPSUMIT 10 MG 30 COMPRIMIDOS RECUBIERTOS",C02KX04,"macitentan"
"ORBENIN 125 MG/5 ML JARABE 60 ML",J01CF02,"cloxacillin"
"PAIDOCORT 3 MG/ML SOLUCION ORAL. 1 FRASCO DE 125 ML",H02AB06,"prednisolone"
"PAIDOCORT 3 MG/ML SOLUCION ORAL, 1 FRASCO DE 125 ML",H02AB06,"prednisolone"
"PANTOMICINA 100 MG/ML GRANULADO SUSP ORAL",J01FA01,"erythromycin"
"PARACETAMOL B.BRAUN EFG 10 MG/ML 10 BOTELLAS SOLUCION PERFUSION 50 ML",N02BE01,"Paracetamol"
"PARACETAMOL B.BRAUN EFG 1000 MG/ 100 ML 10 BOTELLAS SOLUCION PERFUSION",N02BE01,"Paracetamol"
"PARACETAMOL GES 10 MG/ML 100 ML 12 BOLSAS",N02BE01,"Paracetamol"
"PARACETAMOL GES 10 MG/ML 50 ML 12 BOLSAS",N02BE01,"Paracetamol"
"PARACETAMOL NORMON 500 MG 500 COMPRIMIDOS",N02BE01,"Paracetamol"
"PARACETAMOL NORMON EFG 10 MG/ML 50 FRASCOS 100 ML SOL PERF",N02BE01,"Paracetamol"
"PEDEA 5 MG/ML 4 AMPOLLAS 2 ML",C01EB16,"ibuprofen"
"PIPERACILINA/TAZOBACTAM KABI EFG 2 G/250 MG 10 VIALES",J01CR05,"piperacillin and beta-lactamase inhibitor"
"PIPERACILINA/TAZOBACTAM KABI EFG 4 G/500 MG  10 VIALES",J01CR05,"piperacillin and beta-lactamase inhibitor"
"PIPERACILINA/TAZOBACTAM SALA 2 G/250 MG 2 G/250 MG 50 VIALES",J01CR05,"piperacillin and beta-lactamase inhibitor"
"PIPERACILINA/TAZOBACTAM SALA 4 G/500 MG 50 VIALES",J01CR05,"piperacillin and beta-lactamase inhibitor"
"PIPERACILINA/TAZOBACTAM AUROVITAS EFG 2 G/250 MG 10 VIALES",J01CR05,"piperacillin and beta-lactamase inhibitor"
"PIPERACILINA/TAZOBACTAM COMBINO PHARM 2 G/250 MG 50 VIALES + 50 AMPOLLAS",J01CR05,"piperacillin and beta-lactamase inhibitor"
"PIPERACILINA/TAZOBACTAM SANDOZ EFG 2 G/250 MG 50 VIALES",J01CR05,"piperacillin and beta-lactamase inhibitor"
"PLAQUETAS",B01AC,"Platelet aggregation inhibitors excl. heparin"
"PLASMA FRESCO",B05AX03,"blood plasma"
"PLAST APYR FISIOLOGICO 0.9% 500 ML 10 FRAS",B05BB91,"Sodium chlorur parenteral solution"
"PLAST APYR FISIOLOGICO 0.9% 50 ML 20 FRAS",B05BB91,"Sodium chlorur parenteral solution"
"PLAST APYR FISIO IRRIGAC 0.9% 500 ML 10 FR",B05CB01,"sodium chloride"
"PLAST APYR GLUCOSADO 5% 500 PLASTICO 10 FRAS",B05BA03,"carbohydrates"
"PLASMA LYTE 148 EN AGUA VIAFLEX 500 ML 20 BOL",B05BB01,"electrolytes"
"POLARAMINE JARABE 60 ML 2 MG/5 ML",R06AB02,"dexchlorpheniramine"
"POLARAMINE  5 MG 5 AMPOLLAS 1 ML",R06AB02,"dexchlorpheniramine"
"PREDNISONA ALONGA 50 MG 30 COMPRIMIDOS",H02AB06,"prednisolone"
"PREDNISONA CINFA 10 MG 30 COMPRIMIDOS",H02AB06,"prednisolone"
"PREDNISONA CINFA EFG 30 MG 30 COMPRIMIDOS",H02AB06,"prednisolone"
"PREDNISONA CINFA EFG 5 MG 60 COMPRIMIDOS",H02AB06,"prednisolone"
"PREVENAR 13 1 JERINGA PREC 0.5 ML CON AGUJA",J07AL02,"pneumococcus, purified polysaccharides antigen conjugated"
"PRIMPERAN 10 MG 12 AMPOLLAS 2 ML",A03FA01,"Metoclopramide"
"PROPOFOL LIPOMED 10 MG/ML 100 ML 10 VIALES",N01AX10,"propofol"
"PROPOFOL LIPOMED 20 MG/ML 50 ML 10 VIALES",N01AX10,"propofol"
"PROPOFOL LIPOMED 10 MG/ML 20 ML 5 AMPOLLAS",N01AX10,"propofol"
"PROPOFOL HSP 10 MG/ML 5 AMP 20 ML",N01AX10,"propofol"
"PROPOFOL LIPURO 20 MG/ML 10 VIALES EMULSION INYECT 50 ML",N01AX10,"propofol"
"PROPOFOL LIPURO 2% 20 MG/ML 1 VIAL 50 ML",N01AX10,"propofol"
"PROPOFOL LIPURO 10 MG/ML 10 VIALES EMULSION INYECT 50 ML",N01AX10,"propofol"
"PROPRANOLOL 5 MG AMPOLLAS 5 ML",C07AA05,"propranolol"
"PROPRANOLOL 5 MG/1 ML SOL 30 ML FM",C07AA05,"propranolol"
"PROPRANOLOL 5 MG/1 ML SOL 50 ML FM",C07AA05,"propranolol"
"PROSULF 10 MG/ML VIAL 5 ML",V03AB14,"Protamine"
"PROTAMINA ROVI 50 MG 100 VIALES 5 ML",V03AB14,"protamine"
"PULMICORT SUSPENSION NEBULIZACION 0.5 MG/ML 40 DOSIS",R03BA02,"budesonide"
"PULMOZYME 2.5 MG 30 AMPOLLAS",R05CB13,"dornase alfa (desoxyribonuclease)"
"QUETIAPINA 10 MG/ML SUSPENSION ORAL 30 ML F.M.",N05AH04,"quetiapine"
"QUETIAPINA NORMON EFG 25 MG 250 COMPRIMIDOS RECUBIERTOS",N05AH04,"quetiapine"
"RANITIDINA NORMON 50 MG 100 AMPOLLAS 5 ML",A02BA02,"ranitidine"
"RANITIDINA SOLUCION 5 MG/ML FRASCO 100 ML F.M.",A02BA02,"ranitidine"
"REMIFENTANILO SALA EFG 1 MG 5 VIALES",N01AH06,"remifentanil"
"REMIFENTANILO SALA EFG 2 MG 5 VIALES",N01AH06,"remifentanil"
"REVATIO 20 MG 90 COMP. RECUB DOSIS UNITARIA",G04BE03,"sildenafil"
"REVATIO 0.8 MG/ML VIAL 12,5  ML",G04BE03,"sildenafil"
"REVATIO 50 MG/5 ML SUSPENSION ORAL 125 ML",G04BE03,"sildenafil"
"REXER FLAS 15 MG 30 COMPR BUCODISP",N06AX11,"mirtazapine"
"RIASTAP 1G 1 VIAL",B02BB01,"fibrinogen, human"
"RIBOFLAVINA 25 MG/ML 30 ML SOL. ORAL (FM)",A11HA04,"riboflavin (vit B2)"
"RIBOFLAVINA 25 MG/ML 50 ML SOL. ORAL (FM)",A11HA04,"riboflavin (vit B2)"
"RIFALDIN 100 MG/5 ML SUSP 120 ML",J04AB02,"rifampicin"
"RISPERIDONA STADA 1 MG/ML SOLUCION 30 ML",N05AX08,"risperidone"
"RIVOTRIL 2.5 MG/ML GOTAS 10 ML",N03AE01,"clonazepam"
"ROCURONIO KABI 10 MG/ML 10 VIALES 5 ML 50 MG",M03AC09,"rocuronium bromide"
"ROCURONIO B. BRAUN EFG 10 MG/ML 10 VIALES 5 ML 50 MG",M03AC09,"rocuronium bromide"
"ROSALGIN 500 MG 20 SOBRES",G02CC03,"benzydamine"
"SANDOSTATIN 50 MCG 5 AMPOLLAS 1 ML",H01CB02,"octreotide"
"SALBUAIR 2.5 MG 60 AMPOLLAS UNIDOSIS INHALACION 2.5 ML",R03AC02,"salbutamol"
"SALBUAIR 5 MG 60 AMPOLLAS UNIDOSIS INHALACION 2.5 ML",R03AC02,"salbutamol"
"SALINA FRESENIUS KABI 0.9% 10 FRASCOS 500 ML",B05BB01,"electrolytes"
"SALINA FRESENIUS KABI 0.9% 40 FRASCOS 100 ML",B05BB01,"electrolytes"
"SALINA FRESENIUS KABI 0.9% 40 FRASCOS 50 ML",B05BB01,"electrolytes"
"SCOPODERM TTS 1,5 MG 2 PARCHES TRANSDERMICO",A04AD01,"scopolamine"
"SEGURIL 40 MG 30 COMPRIMIDOS",C03CA01,"furosemide"
"SEPTRIN FORT 800/160 50 COMPR",J01EE01,"sulfamethoxazole and trimethoprim"
"SEPTRIN NORM 400/80 100 COMPR",J01EE01,"sulfamethoxazole and trimethoprim"
"SEPTRIN PEDI 40/8 MG/ML SUSP 100 ML",J01EE01,"sulfamethoxazole and trimethoprim"
"SILDENAFILO 10 MG/ML SUSPENSION ORAL 50 ML - FM",G04BE03,"sildenafil"
"SIMDAX 2.5 MG/ML 1 VIAL 5 ML",C01CX08,"levosimendan"
"SINGULAIR 4 MG 28 SOBRES",R03DC03,"montelukast"
"SINOGAN 40 MG/ML GOTAS 30 ML",N05AA02,"levomepromazine"
"SINOGAN 40 MG/ML GOTAS 10 ML",N05AA02,"levomepromazine"
"SINOGAN 25 MG 10 AMPOLLAS 1 ML",N05AA02,"levomepromazine"
"SINTROM 4 MG 20 COMPRIMIDOS",B01AA07,"acenocoumarol"
"SINTROM UNO 1 MG 60 COMPRIMIDOS",B01AA07,"acenocoumarol"
"SOLTRIM 800/160 5 VIALES + 5 AMPOLLAS  5 ML",J01EE01,"Sulfamethoxazole and trimethoprim"
"SOTAPOR 80 MG 30 COMPRIMIDOS",C07AA07,"sotalol"
"SUERO SALINO HIPERTONICO 6% UCI",B05CB01,"sodium chloride"
"SULFATE MAGNESIUM PROAMP 150 MG/ML 50 AMPOLLAS",B05XA05,"magnesium sulfate"
"SULFATE DE MAGNESIO 10 AMPOLLAS",B05XA05,"magnesium sulfate"
"SULFATO DE  MAGNESIO  150 MG [1,22 MEQ]/ML) 10 AMPOLLAS 10 ML",B05XA05,"magnesium sulfate"
"SULFATO MAGNESIO GENFARMA EFG 150 MG/ML 100 AMPOLLAS 10 ML",B05XA05,"magnesium sulfate"
"SULMETIN INY VENOSO SIMPLE 5 AMP 10 ML",B05XA05,"magnesium sulfate"
"SUMIAL 10 MG 50 COMPRIMIDOS",C07AA05,"propranolol"
"SUMIAL 40 MG 50 COMPRIMIDOS",C07AA05,"propranolol"
"SUNIDERMA 0.127% CREMA 30 G",D07AC16,"Hydrocortisone aceponate"
"SUSPENSIO BUCAL PER MUCOSITIS 100 ML",V03,"Various"
"SYNAGIS 100 MG 1 VIAL",J06BD01,"palivizumab"
"SYNAGIS 50 MG 1 VIAL",J06BD01,"palivizumab"
"TAMBOCOR 10 MG/ML 5 VIALES 15 ML",C01BC04,"flecainide"
"TAMIFLU 45 MG 10 CAPSULAS DURAS",J05AH02,"oseltamivir"
"TARDYFERON 256.3 MG 30 GRAGEAS",B03AA07,"ferrous sulfate"
"TARGOCID 200 MG IV 1 VIAL 3.2 ML",J01XA02,"teicoplanin"
"TASEP 1 G IV 100 VIALES",J01DB04,"cefazolin"
"TEICOPLANINA 200 MG COMBINO PHARM 1 VIAL",J01XA02,"Teicoplanin"
"TEICOPLANINA SALA EFG 200 MG 1 VIAL POLVO + 1 AMPOLLA DISOLVENTE 3 ML",J01XA02,"Teicoplanin"
"THROMBOCID 0.1% POMADA 100X60 G",C05BA04,"pentosan polysulfate sodium"
"TIAMINA 100 MG/ML SUSP.ORAL",A11DA01,"thiamine (vit B1)"
"TIAMINA 100 MG/ML SUSP.ORAL FM",A11DA01,"thiamine (vit B1)"
"TOBRA GOBENS 100 MG 100 VIALES 2 ML",J01GB01,"tobramycin"
"TOBRAMICINA SUN 300 MG SOLUCION INHALACION 56 AMPOLLAS 5 ML",J01GB01,"tobramycin"
"TOBREX 0.3% COLIRIO 5 ML",S01AA12,"tobramycin"
"TRAMADOL NORMON 100 MG 100 AMPOLLAS 2 ML",N02AX02,"tramadol"
"TRAMADOL NORMON 50 MG 500 CAPSULAS",N02AX02,"tramadol"
"TRANEXAMIC CARINOPHARM 500 MG 5 ML 5 AMPOLLAS",B02AA02,"Tranexamic acid"
"TRANGOREX 200 MG 30 COMPRIMIDOS",C01BD01,"amiodarone"
"TRANGOREX 150 MG 6 AMPOLLAS 3 ML",C01BD01,"amiodarone",
"TRANGOREX 150 MG 120 AMPOLLAS 3 ML",C01BD01,"amiodarone",
"TRANXILIUM 5 MG 30 CAPSULAS",N05BA05,"potassium clorazepate"
"TRANXILIUM 10 MG 30 CAPSULAS",N05BA05,"potassium clorazepate"
"TRANXILIUM 20 MG 1 VIAL POLVO + 1 AMPOLLA DISOLVENTE 2 ML",N05BA05,"potassium clorazepate"
"TRANXILIUM 50 MG 20 COMPRIMIDOS",N05BA05,"potassium clorazepate"
"ULCERMIN 1G/ 5ML (SUCRALFATO) SOBRES",A02BX02,"sucralfate"
"ULTIVA 2 MG 5 VIALES",N01AH06,"remifentanil"
"URBASON SOLUBLE 20 MG 1 AMPOLLA",H02AB04,"methylprednisolone"
"URBASON SOLUBLE 40 MG 1 AMPOLLA",H02AB04,"methylprednisolone"
"URBASON SOLUBLE 8 MG 1 AMPOLLA",H02AB04,"methylprednisolone"
"URBASON SOLUBLE 8 MG 100 AMPOLLAS",H02AB04,"methylprednisolone"
"URBASON SOLUBLE 20 MG 100 AMPOLLAS",H02AB04,"methylprednisolone"
"URBASON SOLUBLE 40 MG 100 AMPOLLAS",H02AB04,"methylprednisolone"
"URSOCHOL 150 MG 60 COMPRIMIDOS",A05AA02,"ursodeoxycholic acid"
"URSODESOXICOLIC ACID 20 MG/ML SUSP ORAL 60 ML",A05AA02,"ursodeoxycholic acid"
"URSODESOXICOLIC ACID 20 MG/ML SUSP ORAL 100 ML",A05AA02,"ursodeoxycholic acid"
"UROQUINASA 5000 UI/ML 3ML JERINGA F.M.",B01AD04,"urokinase"
"UROKINASE VEDIM 100000 UI 25 VIALES",B01AD04,"urokinase"
"VALIUM 10 MG 50 AMPOLLAS 2 ML",N05BA01,"diazepam"
"VALIUM 10 MG 100 AMPOLLAS 2 ML",N05BA01,"diazepam"
"VANCOMICINA PFIZER EFG 1000 MG 100 VIALES POLVO",J01XA01,"vancomycin"
"VANCOMICINA PFIZER EFG 500 MG 100 VIALES POLVO",J01XA01,"vancomycin"
"VANCOMICINA SALA EFG 500 MG 10 VIALES POLVO",J01XA01,"vancomycin"
"VANCOMICINA NORMON 500 MG IV 100 VIAL",J01XA01,"vancomycin"
"VANCOMICINA PFIZER EFG 500 MG 1 VIAL POLVO",J01XA01,"vancomycin"
"VANCOMICINA NORMON 1 G IV 100 VIALES",J01XA01,"vancomycin"
"VANCOMICINA G.E.S. 500 MG IV 1 VIAL 10 ML",J01XA01,"vancomycin"
"VARIVAX 1350 UFP 1 VIAL + 1 JERINGA PRECARGADA",J07BK01,"varicella, live attenuated"
"VASELINA ESTERIL ORRAVAN 100% POMADA 18 G",D02AA,"Silicone products"
"VAXELIS 1 JERINGA PRECARGADA 0.5 ML",J07CA09,"diphtheria-haemophilus influenzae B-pertussis-poliomyelitis-tetanus-hepatitis B"
"VAXIGRIP TETRA JERINGA 0.5 ML",J07BB02,"influenza, inactivated, split virus or surface antigen"
"VEDROP 50 MG/ML SOLUCION ORAL 20 ML",A11HA08,"tocofersolan"
"VEDROP 50 MG/ML SOLUCION ORAL 60 ML",A11HA08,"tocofersolan"
"VENTAVIS 10 MCG/ML 30 AMPOLLAS 1 ML SOLUCION INHALACION",B01AC11,"iloprost"
"VENTOLIN 100 MCG/PULSACION AEROSOL 200 DOSIS",R03AC02,"salbutamol"
"VENTOLIN RESPIRADOR 0.5% SOLUCION INH 10 ML PARA R",R03AC02,"salbutamol"
"VENTOLIN INHAL 100 MCG/PULS AERO 200 DO 100 ENV A",R03AC02,"salbutamol"
"VITAMINA A  5000 UI/1ML  FRASCO 30 ML (AMB OLI D'OLIVA)",A11CA,"Vitamin A, plain"
"VITAMINA D3 BERENGUER 2000 UI/ML SOLUCION OLEOSA 1",A11CC05,"colecalciferol"
"XUMADOL 1 G 40 SOBRES GRANULADO EFERVESCENTE",N02BE01,"Paracetamol"
"YATROX 4 MG 50 AMPOLLAS 2 ML",A04AA01,"Ondansetron"
"YATROX 8 MG 50 AMPOLLAS 4 ML",A04AA01,"Ondansetron"
"ZAVICEFTA 2/0.5 G 10 VIALES POLVO CONCENTRADO PERFUSION",J01DD52,"ceftazidime and beta-lactamase inhibitor"
"ZINFORO 600 MG 10 VIALES",J01DI02,"ceftaroline fosamil"
"ZINNAT 250 MG/5 ML SUSP 60 ML",J01DC02,"cefuroxime"
"ZITROMAX 200 MG/5 ML SUSP 30 ML",J01FA10,"Azithromycin"
"ZOFRAN ZYDIS 4 MG 10 LIOTABS",A04AA01,"ondansetron"
"ZOFRAN ZYDIS 4 MG 500 LIOTABS",A04AA01,"ondansetron"
"ZONEGRAN 100 MG 56 CAPSULAS",N03AX15,"zonisamide"
"ZYRTEC 10 MG 20 COMPRIMIDOS",R06AE07,"cetirizine"
"ZYRTEC 10 MG/ML GOTAS 20 ML",R06AE07,"cetirizine"
"ZYVOXID 100 MG/5 ML SUSP 150 ML",J01XX08,"linezolid"
"ZYVOXID 2 MG/ML 10 BOLSAS 300ML",J01XX08,"linezolid"
"ZYVOXID 600 MG 10 COMPRIMIDOS",J01XX08,"linezolid"